{
  "games": [
    {
      "gamename": "Titanfall",
      "gameauthor": "Respawn",
      "gameprice": "1299",
      "gametags": "FPS",
      "forkids": true,
      "gamedesc": "Titanfall is a series of video games that mainly feature first-person shooter games",
      "gamerating": "5",
      "id": 1
    },
    {
      "gamename": "dilip",
      "gameauthor": "jak",
      "gameprice": "100",
      "gametags": "dilip",
      "gamedesc": "dilip",
      "forkids": "dilip",
      "Ratting": "dilip",
      "id": 2
    },
    {
      "gamename": "ludo",
      "gameauthor": "dj",
      "gameprice": "741",
      "gametags": "fun",
      "gamedesc": "it is very easy",
      "forkids": "",
      "Ratting": "3",
      "id": 3
    },
    {
      "gamename": "Titanfall",
      "gameauthor": "Respawn",
      "gameprice": "1299",
      "gametags": "FPS",
      "gamedesc": "Titanfall is a series of video games that mainly feature first-person shooter games",
      "forkids": "true",
      "Ratting": "",
      "id": 4
    },
    {
      "gamename": "Mario",
      "gameauthor": "Nintendo",
      "gameprice": "599",
      "gametags": "adventure, multiplayer",
      "gamedesc": "Super Mario is a platform game series created by Nintendo based on and starring the fictional plumber Mario.",
      "forkids": "true",
      "gamerating": "3",
      "id": 5
    },
    {
      "gamename": "Titanfall",
      "gameauthor": "Respawn",
      "gameprice": "1299",
      "gametags": "FPS",
      "gamedesc": "Titanfall is a series of video games that mainly feature first-person shooter games",
      "forkids": "true",
      "gamerating": "5",
      "id": 6
    },
    {
      "gamename": "Mario",
      "gameauthor": "Nintendo",
      "gameprice": "599",
      "gametags": "adventure, multiplayer",
      "gamedesc": "Super Mario is a platform game series created by Nintendo based on and starring the fictional plumber Mario.",
      "forkids": "true",
      "gamerating": "3",
      "id": 7
    },
    {
      "gamename": "Titanfall",
      "gameauthor": "Respawn",
      "gameprice": "1299",
      "gametags": "FPS",
      "gamedesc": "Titanfall is a series of video games that mainly feature first-person shooter games",
      "forkids": "true",
      "gamerating": "5",
      "id": 8
    },
    {
      "gamename": "Mario",
      "gameauthor": "Nintendo",
      "gameprice": "599",
      "gametags": "adventure, multiplayer",
      "gamedesc": "Super Mario is a platform game series created by Nintendo based on and starring the fictional plumber Mario.",
      "forkids": "true",
      "gamerating": "3",
      "id": 9
    },
    {
      "gamename": "Titanfall",
      "gameauthor": "Respawn",
      "gameprice": "1299",
      "gametags": "FPS",
      "gamedesc": "Titanfall is a series of video games that mainly feature first-person shooter games",
      "forkids": "true",
      "gamerating": "5",
      "id": 10
    },
    {
      "gamename": "Mario",
      "gameauthor": "Nintendo",
      "gameprice": "599",
      "gametags": "adventure, multiplayer",
      "gamedesc": "Super Mario is a platform game series created by Nintendo based on and starring the fictional plumber Mario.",
      "forkids": "true",
      "gamerating": "3",
      "id": 11
    },
    {
      "gamename": "Titanfall",
      "gameauthor": "Respawn",
      "gameprice": "1299",
      "gametags": "FPS",
      "gamedesc": "Titanfall is a series of video games that mainly feature first-person shooter games",
      "forkids": "true",
      "gamerating": "5",
      "id": 12
    },
    {
      "gamename": "Mario",
      "gameauthor": "Nintendo",
      "gameprice": "599",
      "gametags": "adventure, multiplayer",
      "gamedesc": "Super Mario is a platform game series created by Nintendo based on and starring the fictional plumber Mario.",
      "forkids": "true",
      "gamerating": "3",
      "id": 13
    },
    {
      "gamename": "Titanfall",
      "gameauthor": "Respawn",
      "gameprice": "1299",
      "gametags": "FPS",
      "gamedesc": "Titanfall is a series of video games that mainly feature first-person shooter games",
      "forkids": "true",
      "gamerating": "5",
      "id": 14
    },
    {
      "gamename": "Mario",
      "gameauthor": "Nintendo",
      "gameprice": "599",
      "gametags": "adventure, multiplayer",
      "gamedesc": "Super Mario is a platform game series created by Nintendo based on and starring the fictional plumber Mario.",
      "forkids": "true",
      "gamerating": "3",
      "id": 15
    },
    {
      "gamename": "Titanfall",
      "gameauthor": "Respawn",
      "gameprice": "1299",
      "gametags": "FPS",
      "gamedesc": "Titanfall is a series of video games that mainly feature first-person shooter games",
      "forkids": "true",
      "gamerating": "5",
      "id": 16
    },
    {
      "gamename": "Mario",
      "gameauthor": "Nintendo",
      "gameprice": "599",
      "gametags": "adventure, multiplayer",
      "gamedesc": "Super Mario is a platform game series created by Nintendo based on and starring the fictional plumber Mario.",
      "forkids": "true",
      "gamerating": "3",
      "id": 17
    },
    {
      "gamename": "Titanfall",
      "gameauthor": "Respawn",
      "gameprice": "1299",
      "gametags": "FPS",
      "gamedesc": "Titanfall is a series of video games that mainly feature first-person shooter games",
      "forkids": "true",
      "gamerating": "5",
      "id": 18
    },
    {
      "gamename": "Mario",
      "gameauthor": "Nintendo",
      "gameprice": "599",
      "gametags": "adventure, multiplayer",
      "gamedesc": "Super Mario is a platform game series created by Nintendo based on and starring the fictional plumber Mario.",
      "forkids": "true",
      "gamerating": "3",
      "id": 19
    },
    {
      "gamename": "Titanfall",
      "gameauthor": "Respawn",
      "gameprice": "1299",
      "gametags": "FPS",
      "gamedesc": "Titanfall is a series of video games that mainly feature first-person shooter games",
      "forkids": "true",
      "gamerating": "5",
      "id": 20
    },
    {
      "gamename": "Mario",
      "gameauthor": "Nintendo",
      "gameprice": "599",
      "gametags": "adventure, multiplayer",
      "gamedesc": "Super Mario is a platform game series created by Nintendo based on and starring the fictional plumber Mario.",
      "forkids": "true",
      "gamerating": "3",
      "id": 21
    },
    {
      "gamename": "Titanfall",
      "gameauthor": "Respawn",
      "gameprice": "1299",
      "gametags": "FPS",
      "gamedesc": "Titanfall is a series of video games that mainly feature first-person shooter games",
      "forkids": "true",
      "gamerating": "5",
      "id": 22
    },
    {
      "gamename": "Mario",
      "gameauthor": "Nintendo",
      "gameprice": "599",
      "gametags": "adventure, multiplayer",
      "gamedesc": "Super Mario is a platform game series created by Nintendo based on and starring the fictional plumber Mario.",
      "forkids": "true",
      "gamerating": "3",
      "id": 23
    },
    {
      "gamename": "Titanfall",
      "gameauthor": "Respawn",
      "gameprice": "1299",
      "gametags": "FPS",
      "gamedesc": "Titanfall is a series of video games that mainly feature first-person shooter games",
      "forkids": "true",
      "gamerating": "5",
      "id": 24
    },
    {
      "gamename": "Mario",
      "gameauthor": "Nintendo",
      "gameprice": "599",
      "gametags": "adventure, multiplayer",
      "gamedesc": "Super Mario is a platform game series created by Nintendo based on and starring the fictional plumber Mario.",
      "forkids": "true",
      "gamerating": "3",
      "id": 25
    },
    {
      "gamename": "Titanfall",
      "gameauthor": "Respawn",
      "gameprice": "1299",
      "gametags": "FPS",
      "gamedesc": "Titanfall is a series of video games that mainly feature first-person shooter games",
      "forkids": "true",
      "gamerating": "5",
      "id": 26
    },
    {
      "gamename": "Mario",
      "gameauthor": "Nintendo",
      "gameprice": "599",
      "gametags": "adventure, multiplayer",
      "gamedesc": "Super Mario is a platform game series created by Nintendo based on and starring the fictional plumber Mario.",
      "forkids": "true",
      "gamerating": "3",
      "id": 27
    },
    {
      "gamename": "Titanfall",
      "gameauthor": "Respawn",
      "gameprice": "1299",
      "gametags": "FPS",
      "gamedesc": "Titanfall is a series of video games that mainly feature first-person shooter games",
      "forkids": "true",
      "gamerating": "5",
      "id": 28
    },
    {
      "gamename": "Mario",
      "gameauthor": "Nintendo",
      "gameprice": "599",
      "gametags": "adventure, multiplayer",
      "gamedesc": "Super Mario is a platform game series created by Nintendo based on and starring the fictional plumber Mario.",
      "forkids": "true",
      "gamerating": "3",
      "id": 29
    },
    {
      "gamename": "Titanfall",
      "gameauthor": "Respawn",
      "gameprice": "1299",
      "gametags": "FPS",
      "gamedesc": "Titanfall is a series of video games that mainly feature first-person shooter games",
      "forkids": "true",
      "gamerating": "5",
      "id": 30
    },
    {
      "gamename": "Mario",
      "gameauthor": "Nintendo",
      "gameprice": "599",
      "gametags": "adventure, multiplayer",
      "gamedesc": "Super Mario is a platform game series created by Nintendo based on and starring the fictional plumber Mario.",
      "forkids": "",
      "gamerating": "3",
      "id": 31
    },
    {
      "gamename": "Titanfall",
      "gameauthor": "Respawn",
      "gameprice": "1299",
      "gametags": "FPS",
      "gamedesc": "Titanfall is a series of video games that mainly feature first-person shooter games",
      "forkids": "",
      "gamerating": "5",
      "id": 32
    },
    {
      "gameauthor": "Nintendo",
      "gameprice": "599",
      "gametags": "adventure, multiplayer",
      "gamedesc": "Super Mario is a platform game series created by Nintendo based on and starring the fictional plumber Mario.",
      "forkids": "",
      "gamerating": "3",
      "id": 33
    },
    {
      "gamename": "Titanfall",
      "gameauthor": "Respawn",
      "gameprice": "1299",
      "gametags": "FPS",
      "gamedesc": "Titanfall is a series of video games that mainly feature first-person shooter games",
      "forkids": "",
      "gamerating": "5",
      "id": 34
    },
    {
      "gamename": "Mario",
      "gameauthor": "Nintendo",
      "gameprice": "599",
      "gametags": "adventure, multiplayer",
      "gamedesc": "Super Mario is a platform game series created by Nintendo based on and starring the fictional plumber Mario.",
      "forkids": "",
      "gamerating": "3",
      "id": 35
    },
    {
      "gamename": "Titanfall",
      "gameauthor": "Respawn",
      "gameprice": "1299",
      "gametags": "FPS",
      "gamedesc": "Titanfall is a series of video games that mainly feature first-person shooter games",
      "forkids": "",
      "gamerating": "5",
      "id": 36
    },
    {
      "gameauthor": "Nintendo",
      "gameprice": "599",
      "gametags": "adventure, multiplayer",
      "gamedesc": "Super Mario is a platform game series created by Nintendo based on and starring the fictional plumber Mario.",
      "forkids": "",
      "gamerating": "3",
      "id": 37
    },
    {
      "gamename": "Titanfall",
      "gameauthor": "Respawn",
      "gameprice": "1299",
      "gametags": "FPS",
      "gamedesc": "Titanfall is a series of video games that mainly feature first-person shooter games",
      "forkids": "",
      "gamerating": "5",
      "id": 38
    },
    {
      "gamename": "july",
      "gameauthor": "july",
      "gameprice": "100",
      "gametags": "color game",
      "gamedesc": "go",
      "forkids": "",
      "gamerating": "5",
      "id": 39
    },
    {
      "gamename": "cricket",
      "gameauthor": "bcci",
      "gameprice": "7410",
      "gametags": "playres",
      "gamedesc": "fun of game",
      "forkids": "true",
      "gamerating": "",
      "id": 40
    },
    {
      "gamename": "Mario",
      "gameauthor": "Nintendo",
      "gameprice": "599",
      "gametags": "adventure, multiplayer",
      "gamedesc": "Super Mario is a platform game series created by Nintendo based on and starring the fictional plumber Mario.",
      "forkids": "true",
      "gamerating": "3",
      "id": 41
    },
    {
      "gamename": "Titanfall",
      "gameauthor": "Respawn",
      "gameprice": "1299",
      "gametags": "FPS",
      "gamedesc": "Titanfall is a series of video games that mainly feature first-person shooter games",
      "forkids": "true",
      "gamerating": "5",
      "id": 42
    },
    {
      "gamename": "Mario",
      "gameauthor": "Nintendo",
      "gameprice": "599",
      "gametags": "adventure, multiplayer",
      "gamedesc": "Super Mario is a platform game series created by Nintendo based on and starring the fictional plumber Mario.",
      "forkids": "true",
      "gamerating": "3",
      "id": 43
    },
    {
      "gamename": "Titanfall",
      "gameauthor": "Respawn",
      "gameprice": "1299",
      "gametags": "FPS",
      "gamedesc": "Titanfall is a series of video games that mainly feature first-person shooter games",
      "forkids": "true",
      "gamerating": "5",
      "id": 44
    },
    {
      "gamename": "Mario",
      "gameauthor": "Nintendo",
      "gameprice": "599",
      "gametags": "adventure, multiplayer",
      "gamedesc": "Super Mario is a platform game series created by Nintendo based on and starring the fictional plumber Mario.",
      "forkids": "true",
      "gamerating": "3",
      "id": 45
    },
    {
      "gamename": "Titanfall",
      "gameauthor": "Respawn",
      "gameprice": "1299",
      "gametags": "FPS",
      "gamedesc": "Titanfall is a series of video games that mainly feature first-person shooter games",
      "forkids": "true",
      "gamerating": "5",
      "id": 46
    },
    {
      "gamename": "Mario",
      "gameauthor": "Nintendo",
      "gameprice": "599",
      "gametags": "adventure, multiplayer",
      "gamedesc": "Super Mario is a platform game series created by Nintendo based on and starring the fictional plumber Mario.",
      "forkids": "true",
      "gamerating": "3",
      "id": 47
    },
    {
      "gamename": "Titanfall",
      "gameauthor": "Respawn",
      "gameprice": "1299",
      "gametags": "FPS",
      "gamedesc": "Titanfall is a series of video games that mainly feature first-person shooter games",
      "forkids": "true",
      "gamerating": "5",
      "id": 48
    },
    {
      "gamename": "Mario",
      "gameauthor": "Nintendo",
      "gameprice": "599",
      "gametags": "adventure, multiplayer",
      "gamedesc": "Super Mario is a platform game series created by Nintendo based on and starring the fictional plumber Mario.",
      "forkids": "true",
      "gamerating": "3",
      "id": 49
    },
    {
      "gamename": "Titanfall",
      "gameauthor": "Respawn",
      "gameprice": "1299",
      "gametags": "FPS",
      "gamedesc": "Titanfall is a series of video games that mainly feature first-person shooter games",
      "forkids": "true",
      "gamerating": "5",
      "id": 50
    },
    {
      "gamename": "Mario",
      "gameauthor": "Nintendo",
      "gameprice": "599",
      "gametags": "adventure, multiplayer",
      "gamedesc": "Super Mario is a platform game series created by Nintendo based on and starring the fictional plumber Mario.",
      "forkids": "true",
      "gamerating": "3",
      "id": 51
    },
    {
      "gamename": "Titanfall",
      "gameauthor": "Respawn",
      "gameprice": "1299",
      "gametags": "FPS",
      "gamedesc": "Titanfall is a series of video games that mainly feature first-person shooter games",
      "forkids": "true",
      "gamerating": "5",
      "id": 52
    },
    {
      "gamename": "Mario",
      "gameauthor": "Nintendo",
      "gameprice": "599",
      "gametags": "adventure, multiplayer",
      "gamedesc": "Super Mario is a platform game series created by Nintendo based on and starring the fictional plumber Mario.",
      "forkids": "true",
      "gamerating": "3",
      "id": 53
    },
    {
      "gamename": "Titanfall",
      "gameauthor": "Respawn",
      "gameprice": "1299",
      "gametags": "FPS",
      "gamedesc": "Titanfall is a series of video games that mainly feature first-person shooter games",
      "forkids": "true",
      "gamerating": "5",
      "id": 54
    },
    {
      "gamename": "Mario",
      "gameauthor": "Nintendo",
      "gameprice": "599",
      "gametags": "adventure, multiplayer",
      "gamedesc": "Super Mario is a platform game series created by Nintendo based on and starring the fictional plumber Mario.",
      "forkids": "true",
      "gamerating": "3",
      "id": 55
    },
    {
      "gamename": "Titanfall",
      "gameauthor": "Respawn",
      "gameprice": "1299",
      "gametags": "FPS",
      "gamedesc": "Titanfall is a series of video games that mainly feature first-person shooter games",
      "forkids": "true",
      "gamerating": "5",
      "id": 56
    },
    {
      "gamename": "Mario",
      "gameauthor": "Nintendo",
      "gameprice": "599",
      "gametags": "adventure, multiplayer",
      "gamedesc": "Super Mario is a platform game series created by Nintendo based on and starring the fictional plumber Mario.",
      "forkids": "true",
      "gamerating": "3",
      "id": 57
    },
    {
      "gamename": "Titanfall",
      "gameauthor": "Respawn",
      "gameprice": "1299",
      "gametags": "FPS",
      "gamedesc": "Titanfall is a series of video games that mainly feature first-person shooter games",
      "forkids": "true",
      "gamerating": "5",
      "id": 58
    },
    {
      "gamename": "Mario",
      "gameauthor": "Nintendo",
      "gameprice": "599",
      "gametags": "adventure, multiplayer",
      "gamedesc": "Super Mario is a platform game series created by Nintendo based on and starring the fictional plumber Mario.",
      "forkids": "true",
      "gamerating": "3",
      "id": 59
    },
    {
      "gamename": "Mario",
      "gameauthor": "Nintendo",
      "gameprice": "599",
      "gametags": "adventure, multiplayer",
      "gamedesc": "Super Mario is a platform game series created by Nintendo based on and starring the fictional plumber Mario.",
      "forkids": "true",
      "gamerating": "3",
      "id": 60
    },
    {
      "gamename": "Titanfall",
      "gameauthor": "Respawn",
      "gameprice": "1299",
      "gametags": "FPS",
      "gamedesc": "Titanfall is a series of video games that mainly feature first-person shooter games",
      "forkids": "true",
      "gamerating": "5",
      "id": 61
    },
    {
      "gamename": "Mario",
      "gameauthor": "Nintendo",
      "gameprice": "599",
      "gametags": "adventure, multiplayer",
      "gamedesc": "Super Mario is a platform game series created by Nintendo based on and starring the fictional plumber Mario.",
      "forkids": "true",
      "gamerating": "3",
      "id": 62
    },
    {
      "gamename": "Titanfall",
      "gameauthor": "Respawn",
      "gameprice": "1299",
      "gametags": "FPS",
      "gamedesc": "Titanfall is a series of video games that mainly feature first-person shooter games",
      "forkids": "true",
      "gamerating": "5",
      "id": 63
    },
    {
      "gamename": "Titanfall",
      "gameauthor": "Respawn",
      "gameprice": "1299",
      "gametags": "FPS",
      "gamedesc": "Titanfall is a series of video games that mainly feature first-person shooter games",
      "forkids": "true",
      "gamerating": "5",
      "id": 64
    },
    {
      "gamename": "Mario",
      "gameauthor": "Nintendo",
      "gameprice": "599",
      "gametags": "adventure, multiplayer",
      "gamedesc": "Super Mario is a platform game series created by Nintendo based on and starring the fictional plumber Mario.",
      "forkids": "true",
      "gamerating": "3",
      "id": 65
    },
    {
      "gamename": "Mario",
      "gameauthor": "Nintendo",
      "gameprice": "599",
      "gametags": "adventure, multiplayer",
      "gamedesc": "Super Mario is a platform game series created by Nintendo based on and starring the fictional plumber Mario.",
      "forkids": "true",
      "gamerating": "3",
      "id": 66
    },
    {
      "gamename": "Titanfall",
      "gameauthor": "Respawn",
      "gameprice": "1299",
      "gametags": "FPS",
      "gamedesc": "Titanfall is a series of video games that mainly feature first-person shooter games",
      "forkids": "true",
      "gamerating": "5",
      "id": 67
    },
    {
      "gamename": "Mario",
      "gameauthor": "Nintendo",
      "gameprice": "599",
      "gametags": "adventure, multiplayer",
      "gamedesc": "Super Mario is a platform game series created by Nintendo based on and starring the fictional plumber Mario.",
      "forkids": "true",
      "gamerating": "3",
      "id": 68
    },
    {
      "gamename": "Titanfall",
      "gameauthor": "Respawn",
      "gameprice": "1299",
      "gametags": "FPS",
      "gamedesc": "Titanfall is a series of video games that mainly feature first-person shooter games",
      "forkids": "true",
      "gamerating": "5",
      "id": 69
    },
    {
      "gamename": "Mario",
      "gameauthor": "Nintendo",
      "gameprice": "599",
      "gametags": "adventure, multiplayer",
      "gamedesc": "Super Mario is a platform game series created by Nintendo based on and starring the fictional plumber Mario.",
      "forkids": "true",
      "gamerating": "3",
      "id": 70
    },
    {
      "gamename": "Titanfall",
      "gameauthor": "Respawn",
      "gameprice": "1299",
      "gametags": "FPS",
      "gamedesc": "Titanfall is a series of video games that mainly feature first-person shooter games",
      "forkids": "true",
      "gamerating": "5",
      "id": 71
    },
    {
      "gamename": "Mario",
      "gameauthor": "Nintendo",
      "gameprice": "599",
      "gametags": "adventure, multiplayer",
      "gamedesc": "Super Mario is a platform game series created by Nintendo based on and starring the fictional plumber Mario.",
      "forkids": "true",
      "gamerating": "3",
      "id": 72
    },
    {
      "gamename": "Titanfall",
      "gameauthor": "Respawn",
      "gameprice": "1299",
      "gametags": "FPS",
      "gamedesc": "Titanfall is a series of video games that mainly feature first-person shooter games",
      "forkids": "true",
      "gamerating": "5",
      "id": 73
    },
    {
      "gamename": "ball",
      "gameauthor": "du",
      "gameprice": "99",
      "gametags": "fdjfj",
      "gamedesc": "fgb",
      "forkids": "true",
      "gamerating": "5",
      "id": 74
    },
    {
      "gamename": "wqrt",
      "gameauthor": "wetwey",
      "gameprice": "wet4",
      "gametags": "ry454y45",
      "gamedesc": "4y54y",
      "forkids": "true",
      "gamerating": "4",
      "id": 75
    },
    {
      "gamename": "Mario",
      "gameauthor": "Nintendo",
      "gameprice": "599",
      "gametags": "adventure, multiplayer",
      "gamedesc": "Super Mario is a platform game series created by Nintendo based on and starring the fictional plumber Mario.",
      "forkids": "true",
      "gamerating": "3",
      "id": 76
    },
    {
      "gamename": "Titanfall",
      "gameauthor": "Respawn",
      "gameprice": "1299",
      "gametags": "FPS",
      "gamedesc": "Titanfall is a series of video games that mainly feature first-person shooter games",
      "forkids": "true",
      "gamerating": "5",
      "id": 77
    }
  ]
}