[{"id":1,"name":"Wang Noi","longitude":100.7323332,"latitude":14.2524816},
{"id":2,"name":"Géfyra","longitude":22.6920826,"latitude":40.7325414},
{"id":3,"name":"Leuwayang","longitude":123.7433907,"latitude":-8.2285121},
{"id":4,"name":"Kujung","longitude":112.1966734,"latitude":-6.987872},
{"id":5,"name":"Zgornje Jezersko","longitude":14.4979088,"latitude":46.3940407},
{"id":6,"name":"Yajiwa","longitude":12.7199759,"latitude":11.3861374},
{"id":7,"name":"Bajingmeduro","longitude":111.6712894,"latitude":-6.7497763},
{"id":8,"name":"Qingyang","longitude":107.643631,"latitude":35.709077},
{"id":9,"name":"Suklayin","longitude":121.549796,"latitude":15.7571229},
{"id":10,"name":"Paulo Afonso","longitude":-38.2163717,"latitude":-9.4061251}]