{
  "dilip": [
    {
      "status": "false",
      "Addtitle": "dilip",
      "Addtask": "jakhar",
      "id": 1
    },
    {
      "status": "false",
      "Addtitle": "dilip",
      "Addtask": "jakhar",
      "id": 2
    },
    {
      "status": "false",
      "Addtitle": "dilip",
      "Addtask": "jakhar",
      "id": 3
    },
    {
      "status": "false",
      "Addtitle": "dilipeyrrt",
      "Addtask": "jakhar",
      "id": 4
    },
    {
      "status": "false",
      "Addtitle": "d",
      "Addtask": "d",
      "id": 5
    },
    {
      "status": "false",
      "Addtitle": "d",
      "Addtask": "d",
      "id": 6
    },
    {
      "status": "false",
      "Addtitle": "aman",
      "Addtask": "jakhar",
      "id": 7
    },
    {
      "status": "false",
      "Addtitle": "wqte",
      "Addtask": "wtery",
      "id": 8
    },
    {
      "status": "false",
      "Addtitle": "wqte",
      "Addtask": "wtery",
      "id": 9
    },
    {
      "status": "false",
      "Addtitle": "wqte",
      "Addtask": "wtery",
      "id": 10
    },
    {
      "status": "false",
      "Addtitle": "wqte",
      "Addtask": "wtery",
      "id": 11
    },
    {
      "status": "false",
      "Addtitle": "wqte",
      "Addtask": "wtery",
      "id": 12
    },
    {
      "status": "false",
      "Addtitle": "wqte",
      "Addtask": "wtery",
      "id": 13
    },
    {
      "status": "false",
      "Addtitle": "tery",
      "Addtask": "wqtye",
      "id": 14
    },
    {
      "status": "false",
      "Addtitle": "wqt",
      "Addtask": "qwty",
      "id": 15
    },
    {
      "status": "false",
      "Addtitle": "eey",
      "Addtask": "ewy4",
      "id": 16
    },
    {
      "status": "false",
      "Addtitle": "2t4y",
      "Addtask": "3y3",
      "id": 17
    },
    {
      "status": "false",
      "Addtitle": "",
      "Addtask": "",
      "id": 18
    },
    {
      "status": "false",
      "Addtitle": "",
      "Addtask": "",
      "id": 19
    },
    {
      "status": "false",
      "Addtitle": "",
      "Addtask": "",
      "id": 20
    },
    {
      "status": "false",
      "Addtitle": "",
      "Addtask": "",
      "id": 21
    },
    {
      "status": "false",
      "Addtitle": "",
      "Addtask": "",
      "id": 22
    },
    {
      "status": "false",
      "Addtitle": "",
      "Addtask": "",
      "id": 23
    },
    {
      "status": "false",
      "Addtitle": "",
      "Addtask": "",
      "id": 24
    },
    {
      "id": 25
    },
    {
      "id": 26
    },
    {
      "id": 27
    },
    {
      "id": 28
    },
    {
      "id": 29
    },
    {
      "id": 30
    },
    {
      "id": 31
    },
    {
      "id": 32
    },
    {
      "id": 33
    },
    {
      "id": 34
    },
    {
      "id": 35
    },
    {
      "status": "false",
      "Addtitle": "du",
      "Addtask": "ju",
      "id": "77d45df3-50f8-4a86-a99a-a5abad39eeac"
    },
    {
      "status": "false",
      "Addtitle": "ere",
      "Addtask": "ere",
      "id": "e1397280-7400-469f-8dfd-51ee2f47f92a"
    },
    {
      "status": "false",
      "Addtitle": "222235",
      "Addtask": "3443353",
      "id": "531d91b8-9b2a-468e-8510-3e8c36f446f7"
    },
    {
      "status": "false",
      "Addtitle": "21t5t23",
      "Addtask": "23526",
      "id": "b2ccc9e5-6e54-47ac-b3fc-bb733505e9e7"
    }
  ]
}